,APP_Libelle_etablissement,SIRET,Adresse_2_UA,Code_postal,Libelle_commune,Numero_inspection,Date_inspection,APP_Libelle_activite_etablissement,Synthese_eval_sanit,Agrement,geores,filtre,ods_type_activite,lat,lon
384,XL PIZZA (P.A PIZZA),53290682300010,6 RUE MARCEL MICHEAU,77220,TOURNAN EN BRIE,16048449,2021-06-17T02:00:00+02:00,_,Satisfaisant,,"48.740559,2.765515",,Autres,48.740559,2.765515
863,L EMPERADOR,84005547900017,29 RUE FRANCOIS DE TESSAN,77330,OZOIR LA FERRIERE,15932142,2021-03-16T01:00:00+01:00,Restaurant,Satisfaisant,,"48.759363,2.699504",Restaurant,Autres,48.759363,2.699504
1041,CLASS PIZZA (PIZZA DU PARC DE THORIGNY),87965506600014,6 RUE CORNILLIOT,77400,THORIGNY SUR MARNE,15934047,2021-03-16T01:00:00+01:00,Restaurant,A améliorer,,"48.884126,2.71059",Restaurant,Autres,48.884126,2.71059
1429,ASSOCIATION FAMILLES RURALES DE LA BASSEE,34496344200035,"75, rue Simone Veil",77480,Bray-sur-Seine,21-025361-1,2021-03-25T01:00:00+01:00,Restauration collective,Satisfaisant,,"48.412399,3.242935",Restauration collective,Autres,48.412399,3.242935
1510,LES TOURNESOLS,45343243700102,2 RUE DES TOURNESOLS,77130,Cannes-Écluse,20-095773-1,2021-04-13T02:00:00+02:00,Restauration collective,Satisfaisant,,"48.358806,2.983945",Restauration collective,Autres,48.358806,2.983945
1596,MAISON DE RETRAITE LA GUETTE,77568109100044,CHS DE LA GUETTE,77174,Villeneuve-Saint-Denis,21-017898-1,2021-03-02T01:00:00+01:00,Restauration collective,Satisfaisant,,"48.81668,2.791319",Restauration collective,Autres,48.81668,2.791319
1819,BONNY PARIS L'ESPRIT GOURMET,43020129300015,14 IMP DENIS PAPIN,77220,Gretz-Armainvilliers,21-039525-2,2021-07-27T02:00:00+02:00,Découpe de viande de boucherie,Satisfaisant,77215001,"48.729724,2.731027",,Viandes et produits carnés,48.729724,2.731027
1884,DELICE IKBAR,43122925100027,89 bis av du Marechal Leclerc,77460,Souppes-sur-Loing,21-045439-1,2021-05-27T02:00:00+02:00,Transformation de produits carnés,A améliorer,77458004,"48.188353,2.729258",,Viandes et produits carnés,48.188353,2.729258
2311,LE BILLOT DE MARIE,85275458900012,5 RTE DE BOULANCOURT,77760,Fromont,20-089334-1,2020-12-16T01:00:00+01:00,Boucherie-Charcuterie,Satisfaisant,,"48.254304,2.50024",Boucherie-Charcuterie,Autres,48.254304,2.50024
2895,COMPAGNIE GENERALE DE RESTAURATION,30359973200078,280 IMP ANITA CONTI,77127,Lieusaint,21-073445-1,2021-09-16T02:00:00+02:00,Restauration collective,Très satisfaisant,77251001,"48.617781,2.559554",Restauration collective,Autres,48.617781,2.559554
3037,MAS PAVILLON ROYAL,34106240402235,301 ALL DU PAVILLON ROYAL,77176,Nandy,21-007961-1,2021-02-01T01:00:00+01:00,Restauration collective,Satisfaisant,,"48.577831,2.556184",Restauration collective,Autres,48.577831,2.556184
3478,LES FROMAGES DE CHEVRE MORET EARL,40406746400010,"59, Grande Rue",77440,Tancrou,20-093962-1,2020-12-31T01:00:00+01:00,Transformation de lait ou produits laitiers,Satisfaisant,77460001,"49.002539,3.050823",,Lait et produits laitiers,49.002539,3.050823
3562,SOCIETE DE FABRICATION DES PRODUITS ALIMENTAIRES,34215277400036,35/37 RUE DE LAMIRAULT,77090,Collégien,21-002212-1,2021-01-08T01:00:00+01:00,Transformation de produits carnés,Très satisfaisant,77121002,"48.824813,2.677463",,Viandes et produits carnés,48.824813,2.677463
3598,SOCIETE DE FABRICATION DES PRODUITS ALIMENTAIRES,34215277400036,35/37 RUE DE LAMIRAULT,77090,Collégien,21-002213-3,2021-01-08T01:00:00+01:00,Transformation de produits de la pêche,Très satisfaisant,77121002,"48.824813,2.677463",,Produits de la mer et d'eau douce,48.824813,2.677463
3659,SOCIETE DE FABRICATION DES PRODUITS ALIMENTAIRES,34215277400036,35/37 RUE DE LAMIRAULT,77090,Collégien,21-002213-2,2021-01-08T01:00:00+01:00,"VH, VSM, préparation viandes volailles lagomorphes",Très satisfaisant,77121002,"48.824813,2.677463",,Viandes et produits carnés,48.824813,2.677463
3665,SOCIETE DE FABRICATION DES PRODUITS ALIMENTAIRES,34215277400036,35/37 RUE DE LAMIRAULT,77090,Collégien,21-002213-1,2021-01-08T01:00:00+01:00,"VH, VSM, préparation viandes boucherie",Très satisfaisant,77121002,"48.824813,2.677463",,Viandes et produits carnés,48.824813,2.677463
3750,LES REPAS LIVRES,49400077100027,"19, RUE DE BRETAGNE",77430,Champagne-sur-Seine,21-070321-1,2021-09-06T02:00:00+02:00,Traiteur,Satisfaisant,,"48.395583,2.795029",Traiteur,Autres,48.395583,2.795029
4357,PIRES VIEIRA RAMIRO,44977386000027,RUE DE LA NOUE,77320,Choisy-en-Brie,21-032829-1,2021-04-26T02:00:00+02:00,Chaîne d'abattage de volaille/lagomorphe/petit gibier,Satisfaisant,77116001,"48.759195,3.213694",,Abattoirs,48.759195,3.213694
4443,MJ AWAN,48347251000013,1 RUE DU PRESIDENT POINCARE,77220,Tournan-en-Brie,21-073117-1,2021-09-14T02:00:00+02:00,Restaurant,Satisfaisant,,"48.739474,2.762507",Restaurant,Autres,48.739474,2.762507
4465,RESIDENCE DES ROSEAUX,77572284600190,"4 bis, rue de la croix",77160,Chenoise-Cucharmoy,21-040546-1,2021-05-27T02:00:00+02:00,Restauration collective,Satisfaisant,77109001,"48.615402,3.186136",Restauration collective,Autres,48.615402,3.186136
4469,FONDATION APPRENTIS D'AUTEUIL,77568879901043,ROUTE DE PROVINS,77174,Villeneuve-le-Comte,21-020648-1,2021-03-11T01:00:00+01:00,Restauration collective,Satisfaisant,,"48.810503,2.832785",Restauration collective,Autres,48.810503,2.832785
4482,FROMAGERIE ROUZAIRE,78695092300049,1 RUE DE VILLE,77220,Tournan-en-Brie,21-065882-1,2021-06-08T02:00:00+02:00,Entreposage de produits laitiers,Très satisfaisant,77470004,"48.740711,2.772869",,Transport et entreposage de denrées alimentaires,48.740711,2.772869
4487,CUISINE CENTRALE,21770482400069,rue de la Fontaine des Noues,77130,Varennes-sur-Seine,21-036420-1,2021-05-07T02:00:00+02:00,Restauration collective,Très satisfaisant,77482001,"48.376115,2.936484",Restauration collective,Autres,48.376115,2.936484
4683,PAMI,49337294000020,ALL DU GRAND PAVOIS,77310,Saint-Fargeau-Ponthierry,21-011118-1,2021-02-12T01:00:00+01:00,Restauration collective,Satisfaisant,,"48.532872,2.539879",Restauration collective,Autres,48.532872,2.539879
4887,REF A53388,33415947210325,366 RUE MARC SEGUIN,77190,Dammarie-les-Lys,20-083571-1,2020-12-01T01:00:00+01:00,Restauration collective,Très satisfaisant,77152003,"48.512166,2.613994",Restauration collective,Autres,48.512166,2.613994
4996,LES AMIS DE KAREN ASSOCIATION,78457935100023,1 BIS ROUTE DE VALENCE,77670,Vernou-la-Celle-sur-Seine,21-044067-1,2021-06-07T02:00:00+02:00,Restauration collective,Satisfaisant,,"48.400532,2.870583",Restauration collective,Autres,48.400532,2.870583
5123,FROMAGERIE GANOT,78494928100017,4 RUE CECILE DUMEZ,77640,Jouarre,21-004949-1,2021-01-19T01:00:00+01:00,Transformation de lait ou produits laitiers,Satisfaisant,77238003,"48.927118,3.125741",,Lait et produits laitiers,48.927118,3.125741
5145,FROMAGERIE LOISEAU,40217376900017,39 RUE CLOZEAU,77760,Achères-la-Forêt,21-065846-1,2021-07-08T02:00:00+02:00,Transformation de lait ou produits laitiers,Satisfaisant,77001001,"48.345432,2.564661",,Lait et produits laitiers,48.345432,2.564661
5189,FROMAGERIE GANOT,78494928100017,4 RUE CECILE DUMEZ,77640,Jouarre,21-004954-2,2021-01-19T01:00:00+01:00,Entreposage de produits laitiers,Satisfaisant,77238003,"48.927118,3.125741",,Transport et entreposage de denrées alimentaires,48.927118,3.125741
5213,FROMAGERIE GANOT,78494928100017,4 RUE CECILE DUMEZ,77640,Jouarre,21-004954-1,2021-01-19T01:00:00+01:00,Caves d'affinage,Satisfaisant,77238003,"48.927118,3.125741",,Lait et produits laitiers,48.927118,3.125741
5319,SOCIETE EXPLOITATION CLINIQUE DE TOURNAN,32711362700019,"2, rue Jules Lefèvre",77220,Tournan-en-Brie,21-042634-1,2021-05-11T02:00:00+02:00,Restauration collective,Satisfaisant,,"48.742341,2.757855",Restauration collective,Autres,48.742341,2.757855
5426,TG VIANDES - Mr GOBEL,75185253400013,5 RUE DE SIANTE AUBIERGE,77515,Saint-Augustin,21-016128-2,2021-02-23T01:00:00+01:00,"VH, VSM, préparation viandes boucherie",Satisfaisant,77400002,"48.774804,3.02013",,Viandes et produits carnés,48.774804,3.02013
5450,FAM LES PRES NEUFS,32238805900154,FAM LES PRES NEUFS,77000,Vaux-le-Pénil,21-038181-1,2021-05-17T02:00:00+02:00,Restauration collective,Satisfaisant,,"48.520115,2.692387",Restauration collective,Autres,48.520115,2.692387
5503,LA CROIX BLANCHE,80989182300019,LA CROIX BLANCHE,77220,Tournan-en-Brie,21-079490-1,2021-10-04T02:00:00+02:00,Restaurant,Satisfaisant,,"48.739096,2.773685",Restaurant,Autres,48.739096,2.773685
5875,BACCARA,35002545800026,"6, rue de Mirvaux",77970,Pécy,20-094996-1,2021-02-16T01:00:00+01:00,Restauration collective,Satisfaisant,,"48.653187,3.07958",Restauration collective,Autres,48.653187,3.07958
5966,DELHAYE THIERRY,32745607500024,14 RUE FREDERIC SARRAZIN,77550,Réau,21-020085-1,2021-03-10T01:00:00+01:00,Transformation de lait ou produits laitiers,Très satisfaisant,77384001,"48.609823,2.623404",,Lait et produits laitiers,48.609823,2.623404
6009,ASSOCIATION CLOS NOTRE DAME,34518472500017,RTE DE CHARTRETTE,77000,Livry-sur-Seine,21-040050-1,2021-05-25T02:00:00+02:00,Restauration collective,Satisfaisant,,"48.513831,2.681089",Restauration collective,Autres,48.513831,2.681089
6140,CHARDON MELANIE,81498688100013,35 RUE DES GALACHES,77460,Chaintreaux,21-076686-1,2021-09-24T02:00:00+02:00,Commerce alimentaire,Très satisfaisant,,"48.182096,2.797972",,Autres,48.182096,2.797972
6182,ASSOCIATION PERSONNES AGEES LES BRUYERES,39830264600086,25 RUE DE NOGENT,77560,Villiers-Saint-Georges,21-002605-1,2021-01-08T01:00:00+01:00,Restauration collective,Satisfaisant,,"48.646776,3.41011",Restauration collective,Autres,48.646776,3.41011
6199,ABATTOIR YOUSSFI,82923704900012,183 QUAI VOLTAIRE,77190,Dammarie-les-Lys,21-031129-1,2021-04-13T02:00:00+02:00,Chaîne d'abattage de volaille/lagomorphe/petit gibier,Très satisfaisant,77152001,"48.532844,2.64271",,Abattoirs,48.532844,2.64271
6415,ECOLE ELEMENT ELISE ET CELESTIN FREINET,21770495600119,RUE JOSEPH LESURQUES,77240,Vert-Saint-Denis,21-076852-1,2021-09-24T02:00:00+02:00,Restauration collective,Satisfaisant,77495002,"48.562364,2.616953",Restauration collective,Autres,48.562364,2.616953
6519,OGEC GASNIER GUY STE BATHILDE,77570279800015,28 rue du Tir,77500,Chelles,21-042429-1,2021-06-01T02:00:00+02:00,Restauration collective,Satisfaisant,77108001,"48.88934,2.59631",Restauration collective,Autres,48.88934,2.59631
6665,L'AUTHENTIQUE,84047042100016,4 RUE JULES FERRY,77360,Vaires-sur-Marne,20-094789-1,2021-02-05T01:00:00+01:00,Restaurant,Satisfaisant,,"48.873388,2.637027",Restaurant,Autres,48.873388,2.637027
6868,MAIRIE COMMUNE PROVINS,21770379200010,21 rue Valentin Abeille,77160,Provins,21-048983-1,2021-06-22T02:00:00+02:00,Restauration collective,Satisfaisant,,"48.561906,3.296876",Restauration collective,Autres,48.561906,3.296876
7004,SOCIETE FRANCAISE DE RESTAURATION ET SERVICES,33825313111800,69 RUE DES BERCHERES,77340,Pontault-Combault,21-000450-1,2021-01-05T01:00:00+01:00,Restauration collective,Satisfaisant,77373005,"48.785371,2.609454",Restauration collective,Autres,48.785371,2.609454
7299,BOUCHERIE DU CENTRE,49103431000012,46 PLACE DU 14 JUILLET 1789,77550,Moissy-Cramayel,21-074163-1,2021-09-14T02:00:00+02:00,Boucherie-Charcuterie,Satisfaisant,,"48.628258,2.590422",Boucherie-Charcuterie,Autres,48.628258,2.590422
7466,LES VIANDES DU LYS,78685046100025,252 RUE MARC SEGUIN,77190,Dammarie-les-Lys,21-039515-1,2021-05-07T02:00:00+02:00,Transformation de produits carnés,Satisfaisant,77152011,"48.51164,2.612586",,Viandes et produits carnés,48.51164,2.612586
7469,LES VIANDES DU LYS,78685046100025,252 RUE MARC SEGUIN,77190,Dammarie-les-Lys,21-039515-3,2021-05-07T02:00:00+02:00,Découpe de viande de boucherie,Satisfaisant,77152011,"48.51164,2.612586",,Viandes et produits carnés,48.51164,2.612586
7474,PIZZERIA FAVINA,38536956600026,2 rue du Moulin,77220,Tournan-en-Brie,21-065259-1,2021-07-15T02:00:00+02:00,Restaurant,Satisfaisant,,"48.739343,2.763807",Restaurant,Autres,48.739343,2.763807
7645,ECOLE ELEMENTAIRE PUBLIQUE ORME BOSSU,21770243000026,"10, Place d'Alnwick",77400,Lagny-sur-Marne,20-094252-1,2021-01-25T01:00:00+01:00,Restauration collective,Satisfaisant,77243003,"48.86541,2.709451",Restauration collective,Autres,48.86541,2.709451
7689,SOLIDARITE OUMMA,88377685800010,44 avenue de valvins,77210,Avon,21-050077-1,2021-06-19T02:00:00+02:00,Alimentation générale,Satisfaisant,,"48.420935,2.736842",Alimentation générale,Autres,48.420935,2.736842
7752,KOBANE,81447551300010,36 RUE DE PARIS,77220,Tournan-en-Brie,21-083337-1,2021-10-14T02:00:00+02:00,Restaurant,Satisfaisant,,"48.739595,2.763635",Restaurant,Autres,48.739595,2.763635
7895,INSTITUT MEDICO - EDUCATIF,77568873209617,4 RUE DES PETITS CHAMPS,77820,Le Châtelet-en-Brie,21-042219-1,2021-05-31T02:00:00+02:00,Restauration collective,Satisfaisant,,"48.510135,2.79967",Restauration collective,Autres,48.510135,2.79967
8093,BOUCHERIE CHEZ TOI,50370705100010,24 RUE EDOUARD VAILLANT,77176,Savigny-le-Temple,21-025353-1,2021-06-16T02:00:00+02:00,Alimentation générale|Boucherie-Charcuterie,Satisfaisant,,"48.59443,2.58175",Alimentation générale|Boucherie-Charcuterie,Autres,48.59443,2.58175
8222,LA FERME NOUVELLE,52475169000016,D401,77230,Montgé-en-Goële,21-029502-1,2021-04-08T02:00:00+02:00,Chaîne d'abattage de volaille/lagomorphe/petit gibier,Satisfaisant,77308003,"49.026835,2.749774",,Abattoirs,49.026835,2.749774
8330,TG VIANDES - Mr GOBEL,75185253400013,5 RUE DE SIANTE AUBIERGE,77515,Saint-Augustin,21-016128-1,2021-02-23T01:00:00+01:00,Transformation de produits carnés,Satisfaisant,77400002,"48.774804,3.02013",,Viandes et produits carnés,48.774804,3.02013
8333,TG VIANDES - Mr GOBEL,75185253400013,5 RUE DE SIANTE AUBIERGE,77515,Saint-Augustin,21-014872-1,2021-02-23T01:00:00+01:00,Découpe de viande de boucherie,Très satisfaisant,77400002,"48.774804,3.02013",,Viandes et produits carnés,48.774804,3.02013
8336,TG VIANDES - Mr GOBEL,75185253400013,5 RUE DE SIANTE AUBIERGE,77515,Saint-Augustin,21-016128-3,2021-02-23T01:00:00+01:00,Transport de denrées alimentaires,Très satisfaisant,,"48.774804,3.02013",,Transport et entreposage de denrées alimentaires,48.774804,3.02013
8603,CUISINE CENTRALE,21770285100221,67 SQUARE ALBERT SHWEITZER,77350,Boissettes,21-021352-1,2021-03-12T01:00:00+01:00,Restauration collective,Très satisfaisant,77285001,"48.542242,2.627824",Restauration collective,Autres,48.542242,2.627824
8630,BOUCHERIE DE LA FERME,82517445100013,14 RUE NEUVE,77127,Lieusaint,21-040605-1,2021-05-26T02:00:00+02:00,Boucherie-Charcuterie,Satisfaisant,,"48.633297,2.553038",Boucherie-Charcuterie,Autres,48.633297,2.553038
8664,CENTRE DE PRODUCTION ET DE DISTRIBUTION AVICOLE BOULAJERI,30680889000017,ROUTE DE VILLEPATOUR,77220,Presles-en-Brie,21-034105-1,2021-04-29T02:00:00+02:00,Boucherie-Charcuterie,Satisfaisant,,"48.710175,2.740262",Boucherie-Charcuterie,Autres,48.710175,2.740262
8732,SAINTEMARIE JEAN,34945029600018,3 rue du Moulin Bertin,77169,Saint-Germain-sous-Doue,21-031432-1,2021-04-16T02:00:00+02:00,Producteur fermier,Satisfaisant,,"48.848853,3.145513",Producteur fermier,Autres,48.848853,3.145513
8879,LES VIANDES DU LYS,78685046100025,252 RUE MARC SEGUIN,77190,Dammarie-les-Lys,21-039515-2,2021-05-07T02:00:00+02:00,Transformation de produits carnés,Satisfaisant,77152011,"48.51164,2.612586",,Viandes et produits carnés,48.51164,2.612586
9388,OGUZ,43812179000036,20 RUE HENRY BECQUEREL,77290,Mitry-Mory,21-046463-1,2021-06-11T02:00:00+02:00,Entreposage de distribution de denrées alimentaires,Satisfaisant,77294016,"48.97932,2.642461",,Transport et entreposage de denrées alimentaires,48.97932,2.642461
9684,AS PROCESS,83049269000011,76 RUE DE COULOMMES,77860,Quincy-Voisins,21-031859-4,2021-04-22T02:00:00+02:00,"VH, VSM, préparation viandes boucherie",Très satisfaisant,77382001,"48.897834,2.884082",,Viandes et produits carnés,48.897834,2.884082
9715,RESIDENCE QUIETUDE,45343243700011,"420, rue des Ormes",77590,Chartrettes,21-036780-1,2021-04-08T02:00:00+02:00,Restauration collective,A améliorer,,"48.486909,2.68339",Restauration collective,Autres,48.486909,2.68339
9796,LA FROMAGERE,38148695000078,4 RUE DU CLOS GUIGNOT,77120,Coulommiers,21-062735-1,2021-07-05T02:00:00+02:00,Caves d'affinage,Très satisfaisant,,"48.803562,3.098121",,Lait et produits laitiers,48.803562,3.098121
9844,SARL LE CLOS ST NICOLAS,39286533300034,11 RUE DES RAGUINS,77124,Villenoy,20-080177-1,2020-12-03T01:00:00+01:00,Traiteur,Très satisfaisant,,"48.949773,2.864146",Traiteur,Autres,48.949773,2.864146
9899,AS PROCESS,83049269000011,76 RUE DE COULOMMES,77860,Quincy-Voisins,21-031859-1,2021-04-22T02:00:00+02:00,Découpe de viande de boucherie,Très satisfaisant,77382001,"48.897834,2.884082",,Viandes et produits carnés,48.897834,2.884082
9905,AS PROCESS,83049269000011,76 RUE DE COULOMMES,77860,Quincy-Voisins,21-031859-3,2021-04-22T02:00:00+02:00,Entreposage de viande de volailles,Très satisfaisant,,"48.897834,2.884082",,Transport et entreposage de denrées alimentaires,48.897834,2.884082
9911,AS PROCESS,83049269000011,76 RUE DE COULOMMES,77860,Quincy-Voisins,21-031859-2,2021-04-22T02:00:00+02:00,Entreposage de viande de boucherie,Très satisfaisant,,"48.897834,2.884082",,Transport et entreposage de denrées alimentaires,48.897834,2.884082
10690,BRIES DE SAINT REMY,85327313400033,19 AV DU GRAND MORIN,77169,Saint-Siméon,21-039533-1,2021-08-17T02:00:00+02:00,Transformation de lait ou produits laitiers,Satisfaisant,77436002,"48.798765,3.207114",,Lait et produits laitiers,48.798765,3.207114
10898,ACM DE MITRY,85354005200117,12 PL BELLEVUE,77290,Mitry-Mory,21-072248-1,2021-08-24T02:00:00+02:00,Restauration collective,Satisfaisant,,"48.973551,2.63562",Restauration collective,Autres,48.973551,2.63562
11023,BONNY PARIS L'ESPRIT GOURMET,43020129300015,14 IMP DENIS PAPIN,77220,Gretz-Armainvilliers,21-039525-1,2021-07-27T02:00:00+02:00,Transformation de produits carnés,Satisfaisant,77215001,"48.729724,2.731027",,Viandes et produits carnés,48.729724,2.731027
11111,IME,78457968200286,25 AVENUE DE SURVILLE,77130,Montereau-Fault-Yonne,20-095161-1,2021-02-25T01:00:00+01:00,Restauration collective,Satisfaisant,,"48.392711,2.95337",Restauration collective,Autres,48.392711,2.95337
11252,BRIES DE SAINT REMY,85327313400025,MONTMOGIS,77320,Saint-Rémy-la-Vanne,21-039528-1,2021-07-29T02:00:00+02:00,Collecte de lait,Satisfaisant,77432004,"48.817029,3.244514",,Lait et produits laitiers,48.817029,3.244514
11469,FROMAGERIE LOISEAU,40217376900017,39 RUE CLOZEAU,77760,Achères-la-Forêt,21-039530-1,2021-07-08T02:00:00+02:00,Caves d'affinage,Satisfaisant,77001001,"48.345432,2.564661",,Lait et produits laitiers,48.345432,2.564661
11488,FROMAGERIE LOISEAU,40217376900017,39 RUE CLOZEAU,77760,Achères-la-Forêt,21-065846-2,2021-07-08T02:00:00+02:00,Entreposage de produits laitiers,Satisfaisant,77001001,"48.345432,2.564661",,Transport et entreposage de denrées alimentaires,48.345432,2.564661
11598,LA FROMENTELLERIE,80887940700019,FERME DE BEAULIEU,77970,Pécy,21-029497-1,2021-07-13T02:00:00+02:00,Transformation de lait ou produits laitiers,Très satisfaisant,77357001,"48.651577,3.068686",,Lait et produits laitiers,48.651577,3.068686
11917,O BON GOUT DE BUSSY,89797936500011,20 RUE JEAN MONNET,77600,Bussy-Saint-Georges,21-074192-1,2021-09-13T02:00:00+02:00,Boucherie-Charcuterie,Satisfaisant,,"48.839343,2.71138",Boucherie-Charcuterie,Autres,48.839343,2.71138
12010,LA DERIVE & FRERES POISSONS,87891567700016,17 QUAI DE LA REPUBLIQUE,77920,Samois-sur-Seine,21-074327-1,2021-09-17T02:00:00+02:00,Restaurant,A améliorer,,"48.450873,2.757968",Restaurant,Autres,48.450873,2.757968
12072,ESAT LES ATELIERS DE L AMBRESIS,77572284600265,12 RUE DE L INDUSTRIE,77270,Villeparisis,21-063103-1,2021-08-11T02:00:00+02:00,Restauration collective,Très satisfaisant,,"48.951588,2.624377",Restauration collective,Autres,48.951588,2.624377
12362,FONDATION ELLEN POIDATZ,78500313800019,1 RUE ELLEN POIDATZ,77310,Saint-Fargeau-Ponthierry,21-031066-1,2021-04-20T02:00:00+02:00,Restauration collective,Satisfaisant,,"48.528912,2.546521",Restauration collective,Autres,48.528912,2.546521
12514,LES TROIS SOLEILS,78490041700014,19 RUE DU CHATEAU,77310,Boissise-le-Roi,21-031348-1,2021-04-19T02:00:00+02:00,Restauration collective,Satisfaisant,,"48.525745,2.572155",Restauration collective,Autres,48.525745,2.572155
12526,DASSONVILLE,43884502600022,20 LES MONGUETS,77320,La Chapelle-Moutils,21-013501-1,2021-02-16T01:00:00+01:00,Transport de denrées alimentaires,Très satisfaisant,,"48.788833,3.39994",,Transport et entreposage de denrées alimentaires,48.788833,3.39994
13167,BOUCHERIE MDS RECEPTIONS,85031761100018,5 RUE DE LA CHENOISE,77160,Chenoise-Cucharmoy,21-059744-1,2021-07-27T02:00:00+02:00,Traiteur,A améliorer,,"48.614851,3.183296",Traiteur,Autres,48.614851,3.183296
13182,BOUCHERIE MDS RECEPTIONS,85031761100018,5 RUE DE LA CHENOISE,77160,Chenoise-Cucharmoy,21-059744-2,2021-07-27T02:00:00+02:00,Boucherie-Charcuterie,A améliorer,,"48.614851,3.183296",Boucherie-Charcuterie,Autres,48.614851,3.183296
13402,COMPAGNIE FROMAGERE EDMOND DE ROTHSCHILD,38264502600016,Domaine des 30 Arpents,77220,Favières,21-039532-1,2021-06-10T02:00:00+02:00,Transformation de lait ou produits laitiers,Satisfaisant,77177001,"48.780324,2.789388",,Lait et produits laitiers,48.780324,2.789388
14118,ASS JEANNE D ARC DE MELUN,78497045100018,30 RUE BANCEL,77000,Melun,21-034656-1,2021-05-03T02:00:00+02:00,Restauration collective,Satisfaisant,,"48.542051,2.662494",Restauration collective,Autres,48.542051,2.662494
14204,API RESTAURATION,47718101001107,3 RUE BONNERET,77230,Moussy-le-Neuf,21-028514-1,2021-07-09T02:00:00+02:00,Restauration collective,Satisfaisant,77322003,"49.063942,2.594849",Restauration collective,Autres,49.063942,2.594849
14279,EHPAD DU CENTRE,26770008600049,chemin des grattons,77160,Provins,20-096274-1,2021-05-20T02:00:00+02:00,Restauration collective,Satisfaisant,,"48.54636,3.301171",Restauration collective,Autres,48.54636,3.301171
14352,CONVIVIO,78824308700020,12 RUE LOUIS ARMAND,77330,Ozoir-la-Ferrière,21-078076-1,2021-09-29T02:00:00+02:00,Restauration collective,Satisfaisant,77350001,"48.765112,2.688909",Restauration collective,Autres,48.765112,2.688909
14707,LYCEE GENERAL TECHNOLOGIQUE PROFESSIONNEL AGRICOLE,19771357100010,LA BRETONNIERE,77120,Chailly-en-Brie,21-010077-1,2021-01-29T01:00:00+01:00,Restauration collective,Satisfaisant,,"48.813802,3.152442",Restauration collective,Autres,48.813802,3.152442
14765,WILLIAM SAURIN PRODUCTION,83017529500021,81 AVENUE DU GENERAL LECLERC,77400,Lagny-sur-Marne,20-088738-1,2020-12-14T01:00:00+01:00,Transformation de produits carnés,Très satisfaisant,77438001,"48.873454,2.688361",,Viandes et produits carnés,48.873454,2.688361
14852,EXO DISCOUNT,83337162800029,58 RUE LEO LAGRANGE,77130,Montereau-Fault-Yonne,21-002947-1,2021-01-12T01:00:00+01:00,Libre service|Alimentation générale,Satisfaisant,,"48.379626,2.946707",Libre service|Alimentation générale,Autres,48.379626,2.946707
14999,SAVS DE VILLEBOUVET,40339122000064,39 RUE DU LAITON,77176,Savigny-le-Temple,21-034646-1,2021-05-03T02:00:00+02:00,Responsable de restauration collective,Satisfaisant,,"48.592819,2.588832",,Autres,48.592819,2.588832
15113,BOUCHERIE DU CENTRE,89216700800010,8 RUE DE PARIS,77420,Champs-sur-Marne,21-031370-1,2021-04-21T02:00:00+02:00,Boucherie-Charcuterie,Satisfaisant,,"48.852292,2.601825",Boucherie-Charcuterie,Autres,48.852292,2.601825
15528,GROUPE DEPREYTERE RESTAURATION,80349214900015,RUE DES MONTELIEVRES,77250,Moret-Loing-et-Orvanne,21-080508-1,2021-10-05T02:00:00+02:00,Restauration collective,Satisfaisant,77166002,"48.368604,2.840218",Restauration collective,Autres,48.368604,2.840218
15751,EHPAD MATHURIN FOUQUET,26770030000010,1 RUE DU PETIT PONT,77920,Samois-sur-Seine,21-042602-1,2021-06-02T02:00:00+02:00,Restauration collective,Satisfaisant,,"48.450777,2.751012",Restauration collective,Autres,48.450777,2.751012
15875,BOUCHERIE DE CHESSY,87991615300015,45 RUE CHARLES DE GAULLE,77700,Chessy,21-019530-1,2021-03-09T01:00:00+01:00,Boucherie-Charcuterie,Satisfaisant,,"48.879691,2.765126",Boucherie-Charcuterie,Autres,48.879691,2.765126
15883,ALLO CINCO PIZZA,84270357100013,10 RUE DES BORDES,77160,Provins,21-021021-1,2021-03-12T01:00:00+01:00,Restaurant,Satisfaisant,,"48.557783,3.303109",Restaurant,Autres,48.557783,3.303109
16071,B'SAM FRANCE DISTRIBUTION,84952415200022,430 RUE DU CANTON,77550,Moissy-Cramayel,21-005304-1,2021-01-20T01:00:00+01:00,Entreposage non spécialisé de denrées alimentaires,Satisfaisant,,"48.632075,2.600509",,Transport et entreposage de denrées alimentaires,48.632075,2.600509
16370,ESAT,26770958200048,Chemin des Grattons,77160,Provins,21-005945-1,2021-01-21T01:00:00+01:00,Restauration collective,Satisfaisant,77379006,"48.54636,3.301171",Restauration collective,Autres,48.54636,3.301171
16405,RESIDENCE AUTONOMIE ROSA BONHEUR ET LORRAINE,26770215700038,"3, rue de Lorraine",77300,Fontainebleau,21-065653-1,2021-08-19T02:00:00+02:00,Restauration collective,Satisfaisant,,"48.41366,2.709854",Restauration collective,Autres,48.41366,2.709854
16510,ESAT,26770958200048,Chemin des Grattons,77160,Provins,21-006213-1,2021-01-21T01:00:00+01:00,Restauration collective,Satisfaisant,,"48.54636,3.301171",Restauration collective,Autres,48.54636,3.301171
16694,ESAT,26770958200048,Chemin des Grattons,77160,Provins,21-006243-1,2021-01-21T01:00:00+01:00,Restauration collective,Satisfaisant,,"48.54636,3.301171",Restauration collective,Autres,48.54636,3.301171
16783,MAIRIE COMMUNE DE CHESSY,21770111900018,3 RUE DU BOIS DE PARIS,77700,Chessy,21-011227-1,2021-02-15T01:00:00+01:00,Restauration collective,Satisfaisant,,"48.8571,2.7747",Restauration collective,Autres,48.8571,2.7747
17502,BRIES DE SAINT REMY,85327313400025,MONTMOGIS,77320,Saint-Rémy-la-Vanne,21-039535-1,2021-07-29T02:00:00+02:00,Transformation de lait ou produits laitiers,Satisfaisant,77432004,"48.817029,3.244514",,Lait et produits laitiers,48.817029,3.244514
17506,ARPAVIE,81779709501028,2 RUE DE NISCEVILLE,77570,Château-Landon,21-067664-1,2021-08-25T02:00:00+02:00,Restauration collective,Satisfaisant,,"48.146321,2.696162",Restauration collective,Autres,48.146321,2.696162
17571,EARL JANIC,50236153800023,FERME DE L ECLUSE,77830,Pamfou,20-087460-1,2020-12-10T01:00:00+01:00,Production de produits à base d'escargots,Très satisfaisant,77354002,"48.466679,2.855959",,Produits de la mer et d'eau douce,48.466679,2.855959
17708,"PLAISANCE BRUNO,",45004623000030,16 RUE BICHERET,77580,Guérard,21-007396-1,2021-01-27T01:00:00+01:00,Transport de denrées alimentaires,Très satisfaisant,,"48.824318,2.954118",,Transport et entreposage de denrées alimentaires,48.824318,2.954118
17778,DOMITYS LA COURTINE,75015761200128,2 RUE DU CAPITAINE BASTIEN,77000,Melun,21-028473-1,2021-04-08T02:00:00+02:00,Restauration collective,Satisfaisant,,"48.540048,2.669899",Restauration collective,Autres,48.540048,2.669899
17914,GAEC LEFEVRE,33447637100011,2 RUE DES PRES DE MONEUSE,77320,Dagny,20-093766-1,2020-12-07T01:00:00+01:00,Transformation de produits carnés,Satisfaisant,77151002,"48.71243,3.185123",,Viandes et produits carnés,48.71243,3.185123
18304,MR FOCH FOOD,88124102000018,2 AV DU MARECHAL FOCH,77100,Meaux,21-082176-1,2021-10-07T02:00:00+02:00,Restaurant,Satisfaisant,,"48.952939,2.883212",Restaurant,Autres,48.952939,2.883212
18316,FIVE GUYS,81751824400170,ALL DU PREAMBULE,77127,Lieusaint,21-073015-1,2021-09-14T02:00:00+02:00,Restaurant,Satisfaisant,,"48.61332,2.549058",Restaurant,Autres,48.61332,2.549058
18382,RESIDENCE LE CHATEAU,38277714200011,"5, rue Provins",77148,Salins,20-093719-1,2021-01-15T01:00:00+01:00,Restauration collective,Satisfaisant,,"48.421989,3.021522",Restauration collective,Autres,48.421989,3.021522
18416,COLLEGE DEPARTEMENTAL GERARD PHILIPPE,19771334000010,7 ALL BRECHE AUX LOUPS,77330,Ozoir-la-Ferrière,21-008370-1,2021-02-02T01:00:00+01:00,Restauration collective,Très satisfaisant,,"48.770375,2.690505",Restauration collective,Autres,48.770375,2.690505
18461,AMIR EVENTS,84086811100021,5 RUE GASPARD MONGE,77380,Combs-la-Ville,21-079838-1,2021-10-05T02:00:00+02:00,Traiteur,A corriger de manière urgente,,"48.653614,2.559512",Traiteur,Autres,48.653614,2.559512
19263,ESAT DU VAL D'EUROPE,77572284600083,19 Boulevard des Artisans,77700,Bailly-Romainvilliers,21-025769-1,2021-03-30T02:00:00+02:00,Restauration collective,Satisfaisant,77018002,"48.845828,2.828076",Restauration collective,Autres,48.845828,2.828076
19309,CHAHADA BOUCHERIE,84748787300022,20 RUE BERTRAND FLORNOY,77120,Coulommiers,21-025343-1,2021-04-28T02:00:00+02:00,Boucherie-Charcuterie,Satisfaisant,,"48.811385,3.082996",Boucherie-Charcuterie,Autres,48.811385,3.082996
19394,MAIRIE COMMUNE LA CHAPELLE RABLAIS,21770089700010,2 RUE DE LA MARE A LA CANE,77370,La Chapelle-Rablais,19-107945-1,2020-12-03T01:00:00+01:00,Restauration collective,Satisfaisant,,"48.512614,2.970248",Restauration collective,Autres,48.512614,2.970248
19433,BOUCHERIE RICHARD,88412074200017,34 RUE DU DOCTEUR RENE ARBELTIER,77120,Coulommiers,21-010072-1,2021-01-20T01:00:00+01:00,Boucherie-Charcuterie,Satisfaisant,,"48.81509,3.083905",Boucherie-Charcuterie,Autres,48.81509,3.083905
19791,MAIRIE COMMUNE NANGIS,21770327100015,4 BOULEVARD VOLTAIRE,77370,Nangis,21-044611-1,2021-06-08T02:00:00+02:00,Restauration collective,Satisfaisant,,"48.558096,3.015265",Restauration collective,Autres,48.558096,3.015265
20119,INSTITUTION STE GENEVIEVE,30410077900046,12 RUE DE LA VISITATION,77100,Meaux,21-002985-1,2021-01-12T01:00:00+01:00,Restauration collective,Satisfaisant,77284016,"48.965241,2.88441",Restauration collective,Autres,48.965241,2.88441
20208,DUC,72262116600130,RUE DU CHATEAU DE FLAMBOIN,77114,Gouaix,21-039526-1,2021-07-12T02:00:00+02:00,Transformation de produits carnés,Satisfaisant,77208001,"48.471038,3.289159",,Viandes et produits carnés,48.471038,3.289159
20446,EARL BIRCKEL,49476899700012,FERME DIEULAMANT,77470,Villemareuil,21-039098-1,2021-05-20T02:00:00+02:00,Chaîne d'abattage de volaille/lagomorphe/petit gibier,Satisfaisant,77505002,"48.921085,2.97205",,Abattoirs,48.921085,2.97205
20710,ASSOCIATION LES PETITS BRIARDS,80317226100015,17 rue Georges Dromigny,77160,Poigny,21-056937-1,2021-07-16T02:00:00+02:00,Restauration collective,Satisfaisant,,"48.553463,3.293303",Restauration collective,Autres,48.553463,3.293303
21281,LES JARDINS DU MARAIS RESIDENCE PERSONNES AGEES COMITE D ENTRAIDE DE LONGUEVILLE,30127230800018,"14, rue Henri Fouilleret",77650,Longueville,20-095466-1,2021-03-16T01:00:00+01:00,Restauration collective,Satisfaisant,,"48.514912,3.24616",Restauration collective,Autres,48.514912,3.24616
21343,METRO FRANCE,39931561300832,RUE DU VIDE ARPENTS,77100,Meaux,21-004454-1,2021-01-18T01:00:00+01:00,Entreposage de distribution de denrées alimentaires,Très satisfaisant,77284012,"48.964775,2.904155",,Transport et entreposage de denrées alimentaires,48.964775,2.904155
21625,BOUCHERIE DE LA MAIRIE BOUCHERIE DE LA MAIRIE,82093039400011,16 place du maréchal Leclerc,77160,Provins,21-075327-1,2021-09-21T02:00:00+02:00,Boucherie-Charcuterie,A améliorer,,"48.560369,3.29887",Boucherie-Charcuterie,Autres,48.560369,3.29887
21702,FOYER ENFANCE RUBELLES  HAM. DU MOULIN,26770993900032,123 RUE DES MEUNIERS,77950,Rubelles,21-039433-1,2021-05-21T02:00:00+02:00,Restauration collective,Satisfaisant,,"48.554569,2.673259",Restauration collective,Autres,48.554569,2.673259
21711,SARL ABATTOIR KISSI II,44470769900013,"2,CHEMIN DE L'ARANGE",77181,Courtry,21-026868-1,2021-03-24T01:00:00+01:00,Chaîne d'abattage de volaille/lagomorphe/petit gibier,Satisfaisant,77139001,"48.912549,2.59096",,Abattoirs,48.912549,2.59096
22068,LA FROMAGERE,38148695000078,4 RUE DU CLOS GUIGNOT,77120,Coulommiers,21-054420-1,2021-07-06T02:00:00+02:00,Transformation de lait ou produits laitiers,Très satisfaisant,77131002,"48.803562,3.098121",,Lait et produits laitiers,48.803562,3.098121
22392,FOYER RESIDENCE DE SENART,77568873203230,1 RUE PABLO PICASSO,77380,Combs-la-Ville,21-017917-1,2021-03-01T01:00:00+01:00,Restauration collective,Satisfaisant,,"48.657618,2.563163",Restauration collective,Autres,48.657618,2.563163
22503,AUX DELICES DU PORTUGAL,82415273000019,7 ALLEE DENIS PAPIN,77170,Brie-Comte-Robert,21-028038-1,2021-04-08T02:00:00+02:00,Libre service|Alimentation générale,Satisfaisant,,"48.70093,2.605027",Libre service|Alimentation générale,Autres,48.70093,2.605027
22656,BOUCHERIE DE MONTAIGU,79988087700011,11 SQ BLAISE PASCAL,77000,Melun,21-015730-1,2021-02-24T01:00:00+01:00,Boucherie-Charcuterie,A améliorer,,"48.551662,2.652099",Boucherie-Charcuterie,Autres,48.551662,2.652099
23074,CENTRE FRANCOIS VILLON,26770930100027,RUE FRANCOIS VILLON,77140,Darvault,21-044741-1,2021-06-08T02:00:00+02:00,Restauration collective,Satisfaisant,77333005,"48.269497,2.706839",Restauration collective,Autres,48.269497,2.706839
23094,FEDERATION DES SOCIETES JUIVES DE FRANCE,77568034100044,11 rue Pasteur,77350,Boissise-la-Bertrand,21-009241-1,2021-02-04T01:00:00+01:00,Restauration collective,Satisfaisant,,"48.525711,2.586624",Restauration collective,Autres,48.525711,2.586624
23177,JCMA,84484609700013,D 306,77240,Vert-Saint-Denis,21-016723-1,2021-02-25T01:00:00+01:00,Boucherie-Charcuterie,Satisfaisant,,"48.564945,2.630029",Boucherie-Charcuterie,Autres,48.564945,2.630029
23263,JCMA,84484609700013,D 306,77240,Vert-Saint-Denis,21-016723-2,2021-02-25T01:00:00+01:00,Restaurant,Satisfaisant,,"48.564945,2.630029",Restaurant,Autres,48.564945,2.630029
23306,O'SQUARE,84138270800011,46 RUE JEAN JAURES,77440,Lizy-sur-Ourcq,20-080157-1,2020-12-29T01:00:00+01:00,Restaurant,Satisfaisant,,"49.024602,3.022396",Restaurant,Autres,49.024602,3.022396
23370,LE PLEIN FRAIS DE PONTAULT COMBAULT,87913926900010,44 RUE RAOUL DAUTRY,77340,Pontault-Combault,21-016854-1,2021-02-26T01:00:00+01:00,Boucherie-Charcuterie,Satisfaisant,,"48.776945,2.601557",Boucherie-Charcuterie,Autres,48.776945,2.601557
23382,NEWREST FRANCE CDG,41257562300134,12 RUE ANTOINE DE SAINT EXUPERY,77290,Compans,21-039519-1,2021-05-06T02:00:00+02:00,Restauration collective,Très satisfaisant,77123001,"48.996516,2.651116",Restauration collective,Autres,48.996516,2.651116
23431,SARL KB VIANDES,49425500300019,4 RUE CONGE,77450,Trilbardou,21-016163-1,2021-02-25T01:00:00+01:00,Chaîne d'abattage de volaille/lagomorphe/petit gibier,Très satisfaisant,77474002,"48.954691,2.806033",,Abattoirs,48.954691,2.806033
23508,KING FOOD,82807080500019,8 RUE DE L EGLISE,77430,Champagne-sur-Seine,21-083523-1,2021-10-14T02:00:00+02:00,Restaurant,Satisfaisant,,"48.405257,2.798536",Restaurant,Autres,48.405257,2.798536
23732,EL BARAKA,83389778800018,272 AVENUE JEAN JAURES,77190,Dammarie-les-Lys,21-018378-1,2021-03-03T01:00:00+01:00,Restaurant,Satisfaisant,,"48.527625,2.649632",Restaurant,Autres,48.527625,2.649632
24220,PICARD SURGELES,78493968810915,1 RTE MILITAIRE,77300,Fontainebleau,21-080052-1,2021-10-04T02:00:00+02:00,Transport de denrées alimentaires,Satisfaisant,,"48.398563,2.723255",,Transport et entreposage de denrées alimentaires,48.398563,2.723255
24244,BENZIANE,83792234300012,2 RUE DU PRESIDENT DESPATYS,77000,Melun,21-039340-1,2021-05-20T02:00:00+02:00,Restaurant,Satisfaisant,,"48.54193,2.65594",Restaurant,Autres,48.54193,2.65594
24575,CHICKEN TIME S,79171814100017,527 AV JEAN JAURES,77190,Dammarie-les-Lys,21-019270-1,2021-03-03T01:00:00+01:00,Restaurant,Satisfaisant,,"48.526418,2.646678",Restaurant,Autres,48.526418,2.646678
24639,BOUCHERIE ESRA,82106699000010,1 SQUARE ALEXANDRE RIBOT,77000,Melun,21-019439-1,2021-03-11T01:00:00+01:00,Boucherie-Charcuterie,Satisfaisant,,"48.549686,2.645583",Boucherie-Charcuterie,Autres,48.549686,2.645583
24731,KORIAN LA FERME DU MARAIS,34117411800933,565 AVENUE DE MARCHE MARAIS,77350,Le Mée-sur-Seine,21-026351-1,2021-03-31T02:00:00+02:00,Restauration collective,Satisfaisant,,"48.546868,2.638338",Restauration collective,Autres,48.546868,2.638338
24781,LES POMMES D'ABIT,83182758900019,1019 FORTAIL,77320,Beton-Bazoches,21-081247-1,2021-10-07T02:00:00+02:00,Fromagerie|Alimentation générale|Glacier|Boucherie-Charcuterie,Satisfaisant,,"48.699635,3.267739",Fromagerie|Alimentation générale|Glacier|Boucherie-Charcuterie,Autres,48.699635,3.267739
24800,EARL DE LA NOZAIE,44836029700015,6 ROUTE DE MONTEREAU,77140,Nonville,21-056673-1,2021-07-13T02:00:00+02:00,Chaîne d'abattage de volaille/lagomorphe/petit gibier,A améliorer,,"48.289399,2.793392",,Abattoirs,48.289399,2.793392
24838,CHAMPIN,49250316400013,DOMAINE DE LA CHARLOTTERIE,77390,Ozouer-le-Voulgis,21-031437-1,2021-04-22T02:00:00+02:00,Producteur fermier,Satisfaisant,,"48.659727,2.774214",Producteur fermier,Autres,48.659727,2.774214
24941,SOCIETE D'EXPLOITATION DES ETABLISSEMENTS CUSAC,38822096400018,23 AVENUE CHARLES MONIER,77240,Cesson,20-096494-1,2021-06-15T02:00:00+02:00,Traiteur|Boucherie-Charcuterie,Satisfaisant,,"48.562769,2.6062",Traiteur|Boucherie-Charcuterie,Autres,48.562769,2.6062
25244,L'ABATTOIR DE SENART,81138589700012,11 RUE ALFRED DE MUSSET,77176,Savigny-le-Temple,21-021189-1,2021-03-12T01:00:00+01:00,Chaîne d'abattage de volaille/lagomorphe/petit gibier,Satisfaisant,77445007,"48.604099,2.577113",,Abattoirs,48.604099,2.577113
25286,BOUGAINVILLE,19771436300011,RD 319,77170,Brie-Comte-Robert,21-082066-1,2021-10-11T02:00:00+02:00,Libre service|Boucherie-Charcuterie,Très satisfaisant,,"48.684893,2.629961",Libre service|Boucherie-Charcuterie,Autres,48.684893,2.629961
25418,ECOLE MATERNELLE PUBLIQUE CLOS ST JEAN,21770431100026,"1, rue du Clos Saint-Jean",77140,Saint-Pierre-lès-Nemours,21-042397-1,2021-06-01T02:00:00+02:00,Restauration collective,Satisfaisant,77431001,"48.270106,2.677524",Restauration collective,Autres,48.270106,2.677524
26252,GROUPEMENT D'INTERET ECONOMIQUE DES VIGNES,50409220600011,31 RUE GRANDE,77820,Les Écrennes,21-053581-1,2021-07-06T02:00:00+02:00,Chaîne d'abattage de volaille/lagomorphe/petit gibier,Très satisfaisant,77165001,"48.504356,2.858924",,Abattoirs,48.504356,2.858924
26455,CENTRE D ACTIVITE LES ORMES,78497191300339,12  R  DU PERRE,77950,Rubelles,21-051062-1,2021-06-28T02:00:00+02:00,Restauration collective,Très satisfaisant,,"48.551632,2.671852",Restauration collective,Autres,48.551632,2.671852
26501,CARREFOUR,45132133501039,RTE RN 7,77190,Villiers-en-Bière,21-076279-1,2021-09-23T02:00:00+02:00,Rayon pain/viennoiserie/pâtisserie,Satisfaisant,,"48.493979,2.599372",Rayon pain/viennoiserie/pâtisserie,Autres,48.493979,2.599372
26793,CARREFOUR,45132133501039,RTE RN 7,77190,Villiers-en-Bière,21-076284-1,2021-09-23T02:00:00+02:00,Rayon traiteur,Satisfaisant,,"48.493979,2.599372",Rayon traiteur,Autres,48.493979,2.599372
26906,DOMITYS LES NOTES FLORALES,75015761200185,3 AV DE LA REPUBLIQUE,77380,Combs-la-Ville,21-009925-1,2021-02-08T01:00:00+01:00,Restauration collective,Satisfaisant,,"48.665923,2.556256",Restauration collective,Autres,48.665923,2.556256
27225,EHPAD LES PATIOS,26770931900011,"6, boulevard VOLTAIRE",77370,Nangis,21-020808-1,2021-03-11T01:00:00+01:00,Restauration collective,Satisfaisant,,"48.557406,3.016671",Restauration collective,Autres,48.557406,3.016671
27270,MELGA BAZAR SHOP,84279239200016,ALL JEAN LOUIS BARRAULT,77100,Meaux,20-080136-1,2020-12-29T01:00:00+01:00,Libre service|Alimentation générale,Satisfaisant,,"48.951211,2.912681",Libre service|Alimentation générale,Autres,48.951211,2.912681
27599,AFRICANTI,81819294000018,ALLEE JEAN LOUIS BARRAULT,77100,Meaux,20-080155-1,2020-12-29T01:00:00+01:00,Libre service|Alimentation générale,Satisfaisant,,"48.951211,2.912681",Libre service|Alimentation générale,Autres,48.951211,2.912681
27929,ABATTOIR DE MONTEREAU,82478468000012,"1, RUE DES SECHERONS",77130,Montereau-Fault-Yonne,21-022639-1,2021-02-26T01:00:00+01:00,Chaîne d'abattage de volaille/lagomorphe/petit gibier,Satisfaisant,77305001,"48.393232,2.974885",,Abattoirs,48.393232,2.974885
28267,CHARDON FRANCK,50258985600017,56 RUE GRANDE,77760,Guercheville,20-095362-1,2021-03-04T01:00:00+01:00,Découpe de viandes de volailles/lagomorphe,Satisfaisant,77220001,"48.260421,2.558646",,Viandes et produits carnés,48.260421,2.558646
28404,EARL DELPECH,80475002400015,16 RUE DE MAROLLES,77520,Montigny-Lencoup,21-029478-1,2021-04-15T02:00:00+02:00,Producteur fermier,Très satisfaisant,,"48.440304,3.046352",Producteur fermier,Autres,48.440304,3.046352
28507,VIVRE MIEUX,79453430500014,22 RUE DE LA MARE BLANCHE,77186,Noisiel,21-026746-1,2021-03-31T02:00:00+02:00,Alimentation générale,A corriger de manière urgente,,"48.850087,2.625711",Alimentation générale,Autres,48.850087,2.625711
28629,RESTAURANT UNIVERSITAIRE L'ARLEQUIN,18940004700412,AVENUE PIERRE POINT,77127,Lieusaint,21-043891-1,2021-06-04T02:00:00+02:00,Restauration collective,Satisfaisant,,"48.628385,2.5607",Restauration collective,Autres,48.628385,2.5607
28815,CHICKEN FOOD,83917650000016,3 RUE DU SOUVENIR,77140,Nemours,21-033237-1,2021-04-28T02:00:00+02:00,Restaurant,Satisfaisant,,"48.267526,2.69875",Restaurant,Autres,48.267526,2.69875
28910,DOMALAIT PRODUCTION,39162525800028,RUE DU MANGANESE,77176,Savigny-le-Temple,21-016404-1,2021-03-01T01:00:00+01:00,Découpe de fromages,Très satisfaisant,77445002,"48.579188,2.593196",,Lait et produits laitiers,48.579188,2.593196
28925,INTERMARCHE,81465754000013,BOULEVARD GEORGES BIDAULT,77183,Croissy-Beaubourg,21-033169-1,2021-04-28T02:00:00+02:00,Rayon fromagerie|Rayon boucherie-charcuterie,Satisfaisant,,"48.828757,2.643558",Rayon fromagerie|Rayon boucherie-charcuterie,Autres,48.828757,2.643558
29597,CUISINE CENTRALE DE CHELLES,66202519614740,Rue de la Haute Borne,77500,Chelles,20-047508-1,2020-12-04T01:00:00+01:00,Restauration collective,Satisfaisant,77108004,"48.885676,2.614646",Restauration collective,Autres,48.885676,2.614646
29631,SOCIETE FROMAGERE DE MEAUX,41991262100010,RUE JEHAN DE BRIE,77100,Meaux,21-016408-1,2021-02-24T01:00:00+01:00,Caves d'affinage,Très satisfaisant,77284011,"48.966775,2.902735",,Lait et produits laitiers,48.966775,2.902735
29828,SOCIETE FROMAGERE DE MEAUX,41991262100010,RUE JEHAN DE BRIE,77100,Meaux,21-014877-1,2021-02-24T01:00:00+01:00,Transformation de lait ou produits laitiers,Très satisfaisant,77284011,"48.966775,2.902735",,Lait et produits laitiers,48.966775,2.902735
29898,BOUCHERIE MONDIALE,81148943400019,"30, rue du Général Leclerc",77370,Nangis,21-083180-1,2021-10-12T02:00:00+02:00,Boucherie-Charcuterie,Satisfaisant,,"48.556325,3.011853",Boucherie-Charcuterie,Autres,48.556325,3.011853
29913,LESAFFRE FRERES,45750860400024,SUCRERIE DE NANGIS,77370,Nangis,20-035585-2,2020-12-16T01:00:00+01:00,Producteur fermier,Très satisfaisant,,"48.564174,3.009924",Producteur fermier,Autres,48.564174,3.009924
29952,MAISON DE RETRAITE LA GARENNE,77567665300022,46 ROUTE D'EGREVILLE,77460,Souppes-sur-Loing,21-070330-1,2021-09-06T02:00:00+02:00,Restauration collective,Satisfaisant,,"48.179659,2.742364",Restauration collective,Autres,48.179659,2.742364
30051,CHAMPIN,49250316400013,DOMAINE DE LA CHARLOTTERIE,77390,Ozouer-le-Voulgis,21-031437-2,2021-04-22T02:00:00+02:00,Producteur fermier,Satisfaisant,,"48.659727,2.774214",Producteur fermier,Autres,48.659727,2.774214
30073,EARL DELPECH,80475002400015,16 RUE DE MAROLLES,77520,Montigny-Lencoup,21-029478-2,2021-04-15T02:00:00+02:00,Producteur fermier,Satisfaisant,,"48.440304,3.046352",Producteur fermier,Autres,48.440304,3.046352
30128,LESAFFRE FRERES,45750860400024,SUCRERIE DE NANGIS,77370,Nangis,20-035585-1,2020-12-16T01:00:00+01:00,Transformation de lait ou produits laitiers,Très satisfaisant,77327001,"48.564174,3.009924",,Lait et produits laitiers,48.564174,3.009924
31017,A TEX (SAS),68202067200031,29 ALLEE DU CLOS DES CHARMES,77400,Collégien,21-049706-1,2021-06-23T02:00:00+02:00,Entreposage de distribution de denrées alimentaires,Très satisfaisant,77121001,,,Transport et entreposage de denrées alimentaires,,
31468,SINGLY,39525422000076,4 BOULEVARD DE STRASBOURG,77600,Bussy-Saint-Georges,21-036765-1,2021-05-11T02:00:00+02:00,Transformation de produits de la pêche,Très satisfaisant,77058001,"48.830347,2.735229",,Produits de la mer et d'eau douce,48.830347,2.735229
31503,SINGLY,39525422000076,4 BOULEVARD DE STRASBOURG,77600,Bussy-Saint-Georges,21-036768-1,2021-05-11T02:00:00+02:00,Transformation de produits carnés,Très satisfaisant,77058001,"48.830347,2.735229",,Viandes et produits carnés,48.830347,2.735229
31520,ASSOCIATION SOCIALE LA FORESTIERE,40072278100012,169 RUE NEUVE,77630,Arbonne-la-Forêt,21-008313-1,2021-02-01T01:00:00+01:00,Restauration collective,Satisfaisant,,"48.414249,2.566405",Restauration collective,Autres,48.414249,2.566405
31529,LA BARAKA,50916547800017,"32, rue des Chesnois",77130,Montereau-Fault-Yonne,21-033414-1,2021-04-27T02:00:00+02:00,Boucherie-Charcuterie,Satisfaisant,,"48.396318,2.95667",Boucherie-Charcuterie,Autres,48.396318,2.95667
31560,COMMUNE OZOIR LA FERRIERE,21770350300193,Place des Sports / Allée André Boyer,77330,Ozoir-la-Ferrière,21-030382-1,2021-03-29T02:00:00+02:00,Restauration collective,Très satisfaisant,,"48.765264,2.673404",Restauration collective,Autres,48.765264,2.673404
31867,QUADRATURE RESTAURATION,80053265700023,8 RUE DES ACACIAS,77230,Villeneuve-sous-Dammartin,21-025377-1,2021-03-25T01:00:00+01:00,Restauration collective,Satisfaisant,77511004,"49.032342,2.639002",Restauration collective,Autres,49.032342,2.639002
32012,CREMERIE DU FAUBOURG,34412654500013,14 BIS AVENUE DE SENS,77250,Moret-Loing-et-Orvanne,21-030826-1,2021-04-20T02:00:00+02:00,Entreposage de distribution de denrées alimentaires,Satisfaisant,77166001,"48.370389,2.827707",,Transport et entreposage de denrées alimentaires,48.370389,2.827707
32053,LYCEE POLYVALENT DE LA MARE CARREE,19772296000014,Rue de la Mare Carrée,77550,Moissy-Cramayel,21-026295-1,2021-03-29T02:00:00+02:00,Restauration collective,Satisfaisant,,"48.628439,2.579352",Restauration collective,Autres,48.628439,2.579352
32635,MAIRIE COMMUNE LOGNES,21770258800013,1 Bis rue Mithridate,77185,Lognes,21-039827-1,2021-05-25T02:00:00+02:00,Restauration collective,Satisfaisant,77258001,"48.841762,2.629903",Restauration collective,Autres,48.841762,2.629903
32736,PIRES VIEIRA RAMIRO,44977386000027,RUE DE LA NOUE,77320,Choisy-en-Brie,21-022992-1,2021-03-16T01:00:00+01:00,Découpe de viandes de volailles/lagomorphe,Très satisfaisant,77116001,"48.759195,3.213694",,Viandes et produits carnés,48.759195,3.213694
32759,EHPAD LES JARDINS DE CHAGOT,26770012800015,"36, rue de l'Hotel de Ville",77890,Beaumont-du-Gâtinais,21-036034-1,2021-05-06T02:00:00+02:00,Restauration collective,Satisfaisant,,"48.137003,2.476757",Restauration collective,Autres,48.137003,2.476757
33171,MAIRIE COMMUNE DE BUSSY ST GEORGES,21770058200018,1 RUE JEAN DE BRUNHOFF,77600,Bussy-Saint-Georges,21-056306-1,2021-07-09T02:00:00+02:00,Restauration collective,Satisfaisant,,"48.840166,2.709322",Restauration collective,Autres,48.840166,2.709322
33214,URBANIA,39966006700014,CHEMIN DES MANIQUETS,77163,Mortcerf,21-007110-1,2021-01-28T01:00:00+01:00,Restauration collective,Satisfaisant,,"48.788041,2.909053",Restauration collective,Autres,48.788041,2.909053
33750,HAMDOUCHY HAMID,50439354700022,RUE MOLIERE,77100,Meaux,19-121255-1,2020-12-31T01:00:00+01:00,Restaurant,Satisfaisant,,"48.956965,2.923793",Restaurant,Autres,48.956965,2.923793
33905,ACTIV INTERNATIONAL,40449486600035,16 RUE HENRI BECQUEREL,77290,Mitry-Mory,21-039527-1,2021-07-07T02:00:00+02:00,Transformation de produits de la pêche,Très satisfaisant,77294008,"48.979313,2.643425",,Produits de la mer et d'eau douce,48.979313,2.643425
34040,EARL VECTEN PASCAL,41868709100011,11 RUE DU CHARDONNERET,77165,Le Plessis-l'Évêque,21-064483-1,2021-08-12T02:00:00+02:00,Centre d'emballage des oeufs,Très satisfaisant,77366001,"48.999448,2.794514",,Œufs et ovoproduits,48.999448,2.794514
34102,AMINECOV MEAUX,49009556900011,12 RUE DU VIDE ARPENT,77100,Meaux,20-090597-1,2020-12-16T01:00:00+01:00,Chaîne d'abattage d'animaux boucherie/Gibier ongulé élevage,A améliorer,77284015,"48.9661,2.903601",,Abattoirs,48.9661,2.903601
34123,O'DELICES,52897788700033,108 AVENUE DU MARECHAL LECLERC,77460,Souppes-sur-Loing,21-056821-1,2021-07-15T02:00:00+02:00,Restaurant,Satisfaisant,,"48.186171,2.732013",Restaurant,Autres,48.186171,2.732013
34201,BOROWIEC,32462337000016,D21 entre Crécy-la-Chapelle et La Haute-Maison,77580,Sancy,20-096737-1,2021-08-11T02:00:00+02:00,Transformation de lait ou produits laitiers,Satisfaisant,77443001,"48.873692,2.971996",,Lait et produits laitiers,48.873692,2.971996
34244,LA TULIPE DE NEMOURS,53208579200010,85 RUE DES GUICHETTES,77140,Nemours,20-094851-1,2021-02-08T01:00:00+01:00,Restauration collective,A corriger de manière urgente,,"48.273484,2.705845",Restauration collective,Autres,48.273484,2.705845
34254,AMINECOV MEAUX,49009556900011,12 RUE DU VIDE ARPENT,77100,Meaux,20-090597-2,2020-12-16T01:00:00+01:00,Chaîne d'abattage d'animaux boucherie/Gibier ongulé élevage,A améliorer,77284015,"48.9661,2.903601",,Abattoirs,48.9661,2.903601
34787,BELLA PIZZA,87791605600014,22 RUE MONTGAUDIER,77890,Beaumont-du-Gâtinais,21-032928-1,2021-04-27T02:00:00+02:00,Restaurant,Satisfaisant,,"48.137334,2.475932",Restaurant,Autres,48.137334,2.475932
34842,STE MAXIMO,40320696400302,13 RUE DES CHAMPARTS,77820,Le Châtelet-en-Brie,21-053273-1,2021-07-05T02:00:00+02:00,Entreposage de distribution de denrées alimentaires,Satisfaisant,,"48.498034,2.794278",,Transport et entreposage de denrées alimentaires,48.498034,2.794278
34847,CHEZ GENNARO,89157859300016,76 rue de Coulommes,77860,Quincy-Voisins,21-053577-1,2021-07-05T02:00:00+02:00,Traiteur,Satisfaisant,,"48.897834,2.884082",Traiteur,Autres,48.897834,2.884082
